INSERT INTO zanbanzero.user(username, password, roles) VALUES ('user', '$2a$10$rb7fhQHdtxNf7RgTJVlERePH99.BqB6/i5LE61leYMh0vGOQoGbIC', 'ROLE_USER');
INSERT INTO zanbanzero.user(username, password, roles) VALUES ('user1', '$2a$10$rb7fhQHdtxNf7RgTJVlERePH99.BqB6/i5LE61leYMh0vGOQoGbIC', 'ROLE_USER');
INSERT INTO zanbanzero.user(username, password, roles) VALUES ('user2', '$2a$10$rb7fhQHdtxNf7RgTJVlERePH99.BqB6/i5LE61leYMh0vGOQoGbIC', 'ROLE_USER');
INSERT INTO zanbanzero.user(username, password, roles) VALUES ('user3', '$2a$10$rb7fhQHdtxNf7RgTJVlERePH99.BqB6/i5LE61leYMh0vGOQoGbIC', 'ROLE_USER');
INSERT INTO zanbanzero.user(username, password, roles) VALUES ('user4', '$2a$10$rb7fhQHdtxNf7RgTJVlERePH99.BqB6/i5LE61leYMh0vGOQoGbIC', 'ROLE_USER');
INSERT INTO zanbanzero.user(username, password, roles) VALUES ('user5', '$2a$10$rb7fhQHdtxNf7RgTJVlERePH99.BqB6/i5LE61leYMh0vGOQoGbIC', 'ROLE_USER');
INSERT INTO zanbanzero.user(username, password, roles) VALUES ('user6', '$2a$10$rb7fhQHdtxNf7RgTJVlERePH99.BqB6/i5LE61leYMh0vGOQoGbIC', 'ROLE_USER');
INSERT INTO zanbanzero.user(username, password, roles) VALUES ('user7', '$2a$10$rb7fhQHdtxNf7RgTJVlERePH99.BqB6/i5LE61leYMh0vGOQoGbIC', 'ROLE_USER');
INSERT INTO zanbanzero.user(username, password, roles) VALUES ('user8', '$2a$10$rb7fhQHdtxNf7RgTJVlERePH99.BqB6/i5LE61leYMh0vGOQoGbIC', 'ROLE_USER');
INSERT INTO zanbanzero.user(username, password, roles) VALUES ('user9', '$2a$10$rb7fhQHdtxNf7RgTJVlERePH99.BqB6/i5LE61leYMh0vGOQoGbIC', 'ROLE_USER');
INSERT INTO zanbanzero.user(username, password, roles) VALUES ('user10', '$2a$10$rb7fhQHdtxNf7RgTJVlERePH99.BqB6/i5LE61leYMh0vGOQoGbIC', 'ROLE_USER');
INSERT INTO zanbanzero.user(username, password, roles) VALUES ('user11', '$2a$10$rb7fhQHdtxNf7RgTJVlERePH99.BqB6/i5LE61leYMh0vGOQoGbIC', 'ROLE_USER');
INSERT INTO zanbanzero.user(username, password, roles) VALUES ('user12', '$2a$10$rb7fhQHdtxNf7RgTJVlERePH99.BqB6/i5LE61leYMh0vGOQoGbIC', 'ROLE_USER');
INSERT INTO zanbanzero.user(username, password, roles) VALUES ('user13', '$2a$10$rb7fhQHdtxNf7RgTJVlERePH99.BqB6/i5LE61leYMh0vGOQoGbIC', 'ROLE_USER');
INSERT INTO zanbanzero.user(username, password, roles) VALUES ('user14', '$2a$10$rb7fhQHdtxNf7RgTJVlERePH99.BqB6/i5LE61leYMh0vGOQoGbIC', 'ROLE_USER');
INSERT INTO zanbanzero.user(username, password, roles) VALUES ('user15', '$2a$10$rb7fhQHdtxNf7RgTJVlERePH99.BqB6/i5LE61leYMh0vGOQoGbIC', 'ROLE_USER');
INSERT INTO zanbanzero.user(username, password, roles) VALUES ('user16', '$2a$10$rb7fhQHdtxNf7RgTJVlERePH99.BqB6/i5LE61leYMh0vGOQoGbIC', 'ROLE_USER');
INSERT INTO zanbanzero.user(username, password, roles) VALUES ('user17', '$2a$10$rb7fhQHdtxNf7RgTJVlERePH99.BqB6/i5LE61leYMh0vGOQoGbIC', 'ROLE_USER');
INSERT INTO zanbanzero.user(username, password, roles) VALUES ('user18', '$2a$10$rb7fhQHdtxNf7RgTJVlERePH99.BqB6/i5LE61leYMh0vGOQoGbIC', 'ROLE_USER');
INSERT INTO zanbanzero.user(username, password, roles) VALUES ('manager', '$2a$10$rb7fhQHdtxNf7RgTJVlERePH99.BqB6/i5LE61leYMh0vGOQoGbIC', 'ROLE_MANAGER');

INSERT INTO zanbanzero.user_policy(user_id, monday, tuesday, wednesday, thursday, friday, default_menu) VALUES (1, 1, 0, 0, 0, 0, 1);
INSERT INTO zanbanzero.user_policy(user_id, monday, tuesday, wednesday, thursday, friday, default_menu) VALUES (2, 0, 1, 0, 0, 0, 1);
INSERT INTO zanbanzero.user_policy(user_id, monday, tuesday, wednesday, thursday, friday, default_menu) VALUES (3, 0, 0, 1, 0, 0, 1);
INSERT INTO zanbanzero.user_policy(user_id, monday, tuesday, wednesday, thursday, friday, default_menu) VALUES (4, 0, 0, 0, 1, 0, 1);
INSERT INTO zanbanzero.user_policy(user_id, monday, tuesday, wednesday, thursday, friday, default_menu) VALUES (5, 0, 0, 0, 0, 1, 1);
INSERT INTO zanbanzero.user_policy(user_id, monday, tuesday, wednesday, thursday, friday, default_menu) VALUES (6, 1, 0, 1, 0, 1, 2);
INSERT INTO zanbanzero.user_policy(user_id, monday, tuesday, wednesday, thursday, friday, default_menu) VALUES (7, 1, 0, 1, 0, 1, 2);
INSERT INTO zanbanzero.user_policy(user_id, monday, tuesday, wednesday, thursday, friday, default_menu) VALUES (8, 1, 0, 1, 0, 1, 2);
INSERT INTO zanbanzero.user_policy(user_id, monday, tuesday, wednesday, thursday, friday, default_menu) VALUES (9, 1, 0, 1, 0, 1, 2);
INSERT INTO zanbanzero.user_policy(user_id, monday, tuesday, wednesday, thursday, friday, default_menu) VALUES (10, 0, 1, 1, 1, 0, 2);
INSERT INTO zanbanzero.user_policy(user_id, monday, tuesday, wednesday, thursday, friday, default_menu) VALUES (11, 0, 1, 1, 1, 0, 3);
INSERT INTO zanbanzero.user_policy(user_id, monday, tuesday, wednesday, thursday, friday, default_menu) VALUES (12, 0, 1, 1, 1, 0, 3);
INSERT INTO zanbanzero.user_policy(user_id, monday, tuesday, wednesday, thursday, friday, default_menu) VALUES (13, 1, 1, 1, 0, 0, 3);
INSERT INTO zanbanzero.user_policy(user_id, monday, tuesday, wednesday, thursday, friday, default_menu) VALUES (14, 1, 1, 1, 0, 0, 3);
INSERT INTO zanbanzero.user_policy(user_id, monday, tuesday, wednesday, thursday, friday, default_menu) VALUES (15, 0, 0, 1, 1, 1, 3);
INSERT INTO zanbanzero.user_policy(user_id, monday, tuesday, wednesday, thursday, friday, default_menu) VALUES (16, 0, 0, 1, 1, 1, 4);
INSERT INTO zanbanzero.user_policy(user_id, monday, tuesday, wednesday, thursday, friday, default_menu) VALUES (17, 1, 0, 1, 1, 1, 4);
INSERT INTO zanbanzero.user_policy(user_id, monday, tuesday, wednesday, thursday, friday, default_menu) VALUES (18, 1, 1, 1, 0, 1, 4);
INSERT INTO zanbanzero.user_policy(user_id, monday, tuesday, wednesday, thursday, friday, default_menu) VALUES (19, 0, 0, 1, 0, 0, 4);

INSERT INTO zanbanzero.store(name, info) VALUES ("테스트 식당 이름", "테스트 식당 소개");

INSERT INTO zanbanzero.store_state(store_id, date, off) VALUES (1, "2023-05-03", false);
INSERT INTO zanbanzero.store_state(store_id, date, off) VALUES (1, "2023-05-05", false);
INSERT INTO zanbanzero.store_state(store_id, date, off) VALUES (1, "2023-05-07", false);
INSERT INTO zanbanzero.store_state(store_id, date, off) VALUES (1, "2023-05-09", false);
INSERT INTO zanbanzero.store_state(store_id, date, off) VALUES (1, "2023-05-10", true);

INSERT INTO zanbanzero.menu(cost, name, sold, use_planner) VALUES (5000, "백반 정식", true, true);
INSERT INTO zanbanzero.menu(cost, name, sold, use_planner) VALUES (6000, "촌돼지 김치찌개", true, false);
INSERT INTO zanbanzero.menu(cost, name, sold, use_planner) VALUES (8000, "가마치통닭", true, false);
INSERT INTO zanbanzero.menu(cost, name, sold, use_planner) VALUES (6000, "부대찌개", true, false);

INSERT INTO zanbanzero.menu_info(menu_id, details, info) VALUES (1, "매일 메뉴가 바뀝니다.", "배추:중국산");
INSERT INTO zanbanzero.menu_info(menu_id, details, info) VALUES (2, "돼지고기 듬뿍 김치찌개", "돼지고기 알레르기");
INSERT INTO zanbanzero.menu_info(menu_id, details, info) VALUES (3, "옛날방식 그대로 튀겼습니다.", "닭고기 알레르기, 닭:국산");
INSERT INTO zanbanzero.menu_info(menu_id, details, info) VALUES (4, "부찌입니다.", "햄:리챔");

INSERT INTO zanbanzero.planner(menu_id, date, menus) VALUES (1, '2023-03-02', '닭발 콩나무물무침 계란말이');
INSERT INTO zanbanzero.planner(menu_id, date, menus) VALUES (1, '2023-03-03', '닭발 잭과콩나무');
INSERT INTO zanbanzero.planner(menu_id, date, menus) VALUES (1, '2023-04-02', '피자');
INSERT INTO zanbanzero.planner(menu_id, date, menus) VALUES (1, '2023-04-03', '치킨너겟 케찹');
INSERT INTO zanbanzero.planner(menu_id, date, menus) VALUES (1, '2023-04-04', '닭가슴살 훈제');
INSERT INTO zanbanzero.planner(menu_id, date, menus) VALUES (1, '2023-04-05', '건강 밀키트');
INSERT INTO zanbanzero.planner(menu_id, date, menus) VALUES (1, '2023-04-06', '콩나물죽 김치볶음');
INSERT INTO zanbanzero.planner(menu_id, date, menus) VALUES (1, '2023-04-07', '지옥의 삼겹살');
INSERT INTO zanbanzero.planner(menu_id, date, menus) VALUES (1, '2023-04-22', '강낭콩볶음 훈제로스트치킨');

INSERT INTO zanbanzero.calculate(date, today, sales) VALUES ('2023-04-03', 120, 130000);
INSERT INTO zanbanzero.calculate(date, today, sales) VALUES ('2023-04-04', 120, 130000);
INSERT INTO zanbanzero.calculate(date, today, sales) VALUES ('2023-04-05', 120, 130000);
INSERT INTO zanbanzero.calculate(date, today, sales) VALUES ('2023-04-06', 120, 130000);
INSERT INTO zanbanzero.calculate(date, today, sales) VALUES ('2023-04-07', 120, 130000);
INSERT INTO zanbanzero.calculate(date, today, sales) VALUES ('2023-04-10', 120, 130000);
INSERT INTO zanbanzero.calculate(date, today, sales) VALUES ('2023-04-11', 120, 130000);
INSERT INTO zanbanzero.calculate(date, today, sales) VALUES ('2023-04-12', 120, 130000);
INSERT INTO zanbanzero.calculate(date, today, sales) VALUES ('2023-04-13', 120, 130000);
INSERT INTO zanbanzero.calculate(date, today, sales) VALUES ('2023-04-14', 120, 130000);
INSERT INTO zanbanzero.calculate(date, today, sales) VALUES ('2023-04-17', 120, 130000);
INSERT INTO zanbanzero.calculate(date, today, sales) VALUES ('2023-04-18', 120, 130000);
INSERT INTO zanbanzero.calculate(date, today, sales) VALUES ('2023-04-29', 120, 130000);

INSERT INTO zanbanzero.calculate_menu(calculate_id, menu, count, sales) VALUES (1, "백반 정식", 13, 13 * 5000);
INSERT INTO zanbanzero.calculate_menu(calculate_id, menu, count, sales) VALUES (1, "촌돼지 김치찌개", 13, 13 * 6000);
INSERT INTO zanbanzero.calculate_menu(calculate_id, menu, count, sales) VALUES (1, "가마치통닭", 13, 13 * 8000);
INSERT INTO zanbanzero.calculate_menu(calculate_id, menu, count, sales) VALUES (1, "부대찌개", 13, 13 * 6000);
INSERT INTO zanbanzero.calculate_menu(calculate_id, menu, count, sales) VALUES (2, "백반 정식", 13, 13 * 5000);
INSERT INTO zanbanzero.calculate_menu(calculate_id, menu, count, sales) VALUES (2, "촌돼지 김치찌개", 13, 13 * 6000);
INSERT INTO zanbanzero.calculate_menu(calculate_id, menu, count, sales) VALUES (2, "가마치통닭", 13, 13 * 8000);
INSERT INTO zanbanzero.calculate_menu(calculate_id, menu, count, sales) VALUES (2, "부대찌개", 13, 13 * 6000);
INSERT INTO zanbanzero.calculate_menu(calculate_id, menu, count, sales) VALUES (3, "백반 정식", 13, 13 * 5000);
INSERT INTO zanbanzero.calculate_menu(calculate_id, menu, count, sales) VALUES (3, "촌돼지 김치찌개", 13, 13 * 6000);
INSERT INTO zanbanzero.calculate_menu(calculate_id, menu, count, sales) VALUES (3, "가마치통닭", 13, 13 * 8000);
INSERT INTO zanbanzero.calculate_menu(calculate_id, menu, count, sales) VALUES (3, "부대찌개", 13, 13 * 6000);
INSERT INTO zanbanzero.calculate_menu(calculate_id, menu, count, sales) VALUES (4, "백반 정식", 13, 13 * 5000);
INSERT INTO zanbanzero.calculate_menu(calculate_id, menu, count, sales) VALUES (4, "촌돼지 김치찌개", 13, 13 * 6000);
INSERT INTO zanbanzero.calculate_menu(calculate_id, menu, count, sales) VALUES (4, "가마치통닭", 13, 13 * 8000);
INSERT INTO zanbanzero.calculate_menu(calculate_id, menu, count, sales) VALUES (4, "부대찌개", 13, 13 * 6000);
INSERT INTO zanbanzero.calculate_menu(calculate_id, menu, count, sales) VALUES (5, "백반 정식", 13, 13 * 5000);
INSERT INTO zanbanzero.calculate_menu(calculate_id, menu, count, sales) VALUES (5, "촌돼지 김치찌개", 13, 13 * 6000);
INSERT INTO zanbanzero.calculate_menu(calculate_id, menu, count, sales) VALUES (5, "가마치통닭", 13, 13 * 8000);
INSERT INTO zanbanzero.calculate_menu(calculate_id, menu, count, sales) VALUES (5, "부대찌개", 13, 13 * 6000);
INSERT INTO zanbanzero.calculate_menu(calculate_id, menu, count, sales) VALUES (6, "백반 정식", 13, 13 * 5000);
INSERT INTO zanbanzero.calculate_menu(calculate_id, menu, count, sales) VALUES (6, "촌돼지 김치찌개", 13, 13 * 6000);
INSERT INTO zanbanzero.calculate_menu(calculate_id, menu, count, sales) VALUES (6, "가마치통닭", 13, 13 * 8000);
INSERT INTO zanbanzero.calculate_menu(calculate_id, menu, count, sales) VALUES (6, "부대찌개", 13, 13 * 6000);
INSERT INTO zanbanzero.calculate_menu(calculate_id, menu, count, sales) VALUES (7, "백반 정식", 13, 13 * 5000);
INSERT INTO zanbanzero.calculate_menu(calculate_id, menu, count, sales) VALUES (7, "촌돼지 김치찌개", 13, 13 * 6000);
INSERT INTO zanbanzero.calculate_menu(calculate_id, menu, count, sales) VALUES (7, "가마치통닭", 13, 13 * 8000);
INSERT INTO zanbanzero.calculate_menu(calculate_id, menu, count, sales) VALUES (7, "부대찌개", 13, 13 * 6000);
INSERT INTO zanbanzero.calculate_menu(calculate_id, menu, count, sales) VALUES (8, "백반 정식", 13, 13 * 5000);
INSERT INTO zanbanzero.calculate_menu(calculate_id, menu, count, sales) VALUES (8, "촌돼지 김치찌개", 13, 13 * 6000);
INSERT INTO zanbanzero.calculate_menu(calculate_id, menu, count, sales) VALUES (8, "가마치통닭", 13, 13 * 8000);
INSERT INTO zanbanzero.calculate_menu(calculate_id, menu, count, sales) VALUES (8, "부대찌개", 13, 13 * 6000);
INSERT INTO zanbanzero.calculate_menu(calculate_id, menu, count, sales) VALUES (9, "백반 정식", 13, 13 * 5000);
INSERT INTO zanbanzero.calculate_menu(calculate_id, menu, count, sales) VALUES (9, "촌돼지 김치찌개", 13, 13 * 6000);
INSERT INTO zanbanzero.calculate_menu(calculate_id, menu, count, sales) VALUES (9, "가마치통닭", 13, 13 * 8000);
INSERT INTO zanbanzero.calculate_menu(calculate_id, menu, count, sales) VALUES (9, "부대찌개", 13, 13 * 6000);
INSERT INTO zanbanzero.calculate_menu(calculate_id, menu, count, sales) VALUES (10, "백반 정식", 13, 13 * 5000);
INSERT INTO zanbanzero.calculate_menu(calculate_id, menu, count, sales) VALUES (10, "촌돼지 김치찌개", 13, 13 * 6000);
INSERT INTO zanbanzero.calculate_menu(calculate_id, menu, count, sales) VALUES (10, "가마치통닭", 13, 13 * 8000);
INSERT INTO zanbanzero.calculate_menu(calculate_id, menu, count, sales) VALUES (10, "부대찌개", 13, 13 * 6000);
INSERT INTO zanbanzero.calculate_menu(calculate_id, menu, count, sales) VALUES (11, "백반 정식", 13, 13 * 5000);
INSERT INTO zanbanzero.calculate_menu(calculate_id, menu, count, sales) VALUES (11, "촌돼지 김치찌개", 13, 13 * 6000);
INSERT INTO zanbanzero.calculate_menu(calculate_id, menu, count, sales) VALUES (11, "가마치통닭", 13, 13 * 8000);
INSERT INTO zanbanzero.calculate_menu(calculate_id, menu, count, sales) VALUES (11, "부대찌개", 13, 13 * 6000);
INSERT INTO zanbanzero.calculate_menu(calculate_id, menu, count, sales) VALUES (12, "백반 정식", 13, 13 * 5000);
INSERT INTO zanbanzero.calculate_menu(calculate_id, menu, count, sales) VALUES (12, "촌돼지 김치찌개", 13, 13 * 6000);
INSERT INTO zanbanzero.calculate_menu(calculate_id, menu, count, sales) VALUES (12, "가마치통닭", 13, 13 * 8000);
INSERT INTO zanbanzero.calculate_menu(calculate_id, menu, count, sales) VALUES (12, "부대찌개", 13, 13 * 6000);
INSERT INTO zanbanzero.calculate_menu(calculate_id, menu, count, sales)VALUES (13, "백반 정식", 13, 13 * 5000);
INSERT INTO zanbanzero.calculate_menu(calculate_id, menu, count, sales) VALUES (13, "촌돼지 김치찌개", 13, 13 * 6000);
INSERT INTO zanbanzero.calculate_menu(calculate_id, menu, count, sales) VALUES (13, "가마치통닭", 13, 13 * 8000);
INSERT INTO zanbanzero.calculate_menu(calculate_id, menu, count, sales) VALUES (13, "부대찌개", 13, 13 * 6000);

INSERT INTO zanbanzero.leftover_pre(calculate_id, predict) VALUES (1, 150);
INSERT INTO zanbanzero.leftover_pre(calculate_id, predict) VALUES (2, 151);
INSERT INTO zanbanzero.leftover_pre(calculate_id, predict) VALUES (3, 152);
INSERT INTO zanbanzero.leftover_pre(calculate_id, predict) VALUES (4, 153);
INSERT INTO zanbanzero.leftover_pre(calculate_id, predict) VALUES (5, 154);
INSERT INTO zanbanzero.leftover_pre(calculate_id, predict) VALUES (6, 155);
INSERT INTO zanbanzero.leftover_pre(calculate_id, predict) VALUES (7, 156);
INSERT INTO zanbanzero.leftover_pre(calculate_id, predict) VALUES (8, 157);
INSERT INTO zanbanzero.leftover_pre(calculate_id, predict) VALUES (9, 158);
INSERT INTO zanbanzero.leftover_pre(calculate_id, predict) VALUES (10, 159);
INSERT INTO zanbanzero.leftover_pre(calculate_id, predict) VALUES (11, 160);
INSERT INTO zanbanzero.leftover_pre(calculate_id, predict) VALUES (12, 161);
INSERT INTO zanbanzero.leftover_pre(calculate_id, predict) VALUES (13, 162);

INSERT INTO zanbanzero.leftover(leftover_pre_id, leftover) VALUES (1, 130);
INSERT INTO zanbanzero.leftover(leftover_pre_id, leftover) VALUES (2, 131);
INSERT INTO zanbanzero.leftover(leftover_pre_id, leftover) VALUES (3, 132);
INSERT INTO zanbanzero.leftover(leftover_pre_id, leftover) VALUES (4, 133);
INSERT INTO zanbanzero.leftover(leftover_pre_id, leftover) VALUES (5, 134);
INSERT INTO zanbanzero.leftover(leftover_pre_id, leftover) VALUES (6, 135);
INSERT INTO zanbanzero.leftover(leftover_pre_id, leftover) VALUES (7, 136);
INSERT INTO zanbanzero.leftover(leftover_pre_id, leftover) VALUES (8, 137);
INSERT INTO zanbanzero.leftover(leftover_pre_id, leftover) VALUES (9, 138);
INSERT INTO zanbanzero.leftover(leftover_pre_id, leftover) VALUES (10, 139);
INSERT INTO zanbanzero.leftover(leftover_pre_id, leftover) VALUES (11, 140);
INSERT INTO zanbanzero.leftover(leftover_pre_id, leftover) VALUES (12, 141);
INSERT INTO zanbanzero.leftover(leftover_pre_id, leftover) VALUES (13, 142);